วันที่,เวลา,หัวข้อ,ห้อง,ผู้จอง,แผนก,สถานะ
09/02/2026,04:15 - 05:00,mflv[,ห้องประชุม O3-2,สุดสวย ประจำตำบล,ITD,อนุมัติแล้ว
06/02/2026,06:00 - 08:00,ทดสอบ,ห้องประชุม O3-2,สุดสวย ประจำตำบล,ITD,อนุมัติแล้ว
30/01/2026,06:00 - 08:00,ทดสอบ,ห้องประชุม O3-2,สุดสวย ประจำตำบล,ITD,อนุมัติแล้ว
23/01/2026,06:00 - 08:00,ทดสอบ,ห้องประชุม O3-2,สุดสวย ประจำตำบล,ITD,อนุมัติแล้ว
16/01/2026,06:00 - 08:00,ทดสอบ,ห้องประชุม O3-2,สุดสวย ประจำตำบล,ITD,อนุมัติแล้ว
12/01/2026,01:00 - 11:00,sdfgds,ห้องประชุมใหญ่,สุดสวย ประจำตำบล,ITD,อนุมัติแล้ว
09/01/2026,10:30 - 11:00,-,ห้องประชุม O3-2,admin,-,อนุมัติแล้ว
09/01/2026,06:00 - 08:00,ทดสอบ,ห้องประชุม O3-2,สุดสวย ประจำตำบล,ITD,อนุมัติแล้ว
09/01/2026,06:00 - 11:00,xcvdfzf,ห้องประชุมใหญ่,สุดสวย ประจำตำบล,ITD,อนุมัติแล้ว
09/01/2026,04:15 - 05:00,mflv[,ห้องประชุม O3-2,สุดสวย ประจำตำบล,ITD,อนุมัติแล้ว
